{
    "sku": [
        {
            "shopSku": "000042.8001841053271",
            "vendorId": 465852,
            "warehouseId": 145
        },
        {
            "shopSku": "000042.8001841053272",
            "vendorId": 465852,
            "warehouseId": 145
        }
    ]
}
